Workbook

Sheet Time Log
A1: THE SALIK PROJECT UK CIC — Project Coordinator Time Log
A2: Drug & Alcohol Diversity Programme · 160 hrs @ £25/hr = £4,000 · Log from 24 April 2026
A4: Date | B4: Category | C4: Hours | D4: Description of work done | E4: Paid / Unpaid | F4: Running total (hrs)
A5: 27/04/2026 | B5: Partnership meetings & Core Group | C5: 1 | D5: Waffa & Sean Cusack meeting at Turning Point Rochdale Hub | E5: Paid (grant) | F5: =IF(C5="","",SUM($C$5:C5)) -> 1
A6: 29/04/2026 | B6: Partnership meetings & Core Group | C6: 3 | D6: Final Community Panel: Live Well – Action Together (Fire Up Co-Working Space) | E6: Paid (grant) | F6: =IF(C6="","",SUM($C$5:C6)) -> 4
A7: 06/05/2026 | B7: Partnership meetings & Core Group | C7: 2 | D7: Turning Point UK – Spotland Meeting | E7: Paid (grant) | F7: =IF(C7="","",SUM($C$5:C7)) -> 6
A8: 11/05/2026 | B8: Resource audit & mapping | C8: 1 | D8: Admin / Project Coordinator planning | E8: Paid (grant) | F8: =IF(C8="","",SUM($C$5:C8)) -> 7
A9: 11/05/2026 | B9: Partnership meetings & Core Group | C9: 1 | D9: Waffa meeting with Callum catch up | E9: Paid (grant) | F9: =IF(C9="","",SUM($C$5:C9)) -> 8
A10: 11/05/2026 | B10: Partnership meetings & Core Group | C10: 1 | D10: Waffa & Musty meeting debrief | E10: Paid (grant) | F10: =IF(C10="","",SUM($C$5:C10)) -> 9
A11: 11/05/2026 | B11: Partnership meetings & Core Group | C11: 1 | D11: Waffa, Basharat & Turning Point Kayla meeting | E11: Paid (grant) | F11: =IF(C11="","",SUM($C$5:C11)) -> 10
A12: 12/05/2026 | B12: Resource audit & mapping | C12: 1 | D12: Admin / Project Coordinator planning | E12: Paid (grant) | F12: =IF(C12="","",SUM($C$5:C12)) -> 11
A13: 12/05/2026 | B13: Partnership meetings & Core Group | C13: 1 | D13: Discussion – Turning Point / Salik Project (Teams with Zac Blinston) | E13: Paid (grant) | F13: =IF(C13="","",SUM($C$5:C13)) -> 12
A14: 12/05/2026 | B14: Partnership meetings & Core Group | C14: 1 | D14: Meeting with Imam Syed – Naloxone (Neeli Mosque) | E14: Paid (grant) | F14: =IF(C14="","",SUM($C$5:C14)) -> 13
A15: 13/05/2026 | B15: Resource audit & mapping | C15: 1 | D15: Admin / Project Coordinator planning | E15: Paid (grant) | F15: =IF(C15="","",SUM($C$5:C15)) -> 14
A16: 13/05/2026 | B16: Partnership meetings & Core Group | C16: 1 | D16: South Asian Heritage meeting – Funders & organisers, BACP / Living Well (Rochdale Town Hall) | E16: Paid (grant) | F16: =IF(C16="","",SUM($C$5:C16)) -> 15
... A44: 03/06/2026 | B44: Partnership meetings & Core Group | C44: 1 | D44: Waffa meeting with BACP team – Salik & HL, Naloxone training offer | E44: Paid (grant) | F44: =IF(C44="","",SUM($C$5:C44)) -> 47.5
F45: =IF(C45="","",SUM($C$5:C45))
F46: =IF(C46="","",SUM($C$5:C46))
F47: =IF(C47="","",SUM($C$5:C47))
F48: =IF(C48="","",SUM($C$5:C48))
F49: =IF(C49="","",SUM($C$5:C49))
F50: =IF(C50="","",SUM($C$5:C50))
F51: =IF(C51="","",SUM($C$5:C51))
F52: =IF(C52="","",SUM($C$5:C52))
F53: =IF(C53="","",SUM($C$5:C53))
F54: =IF(C54="","",SUM($C$5:C54))
F55: =IF(C55="","",SUM($C$5:C55))
F56: =IF(C56="","",SUM($C$5:C56))
... F104: =IF(C104="","",SUM($C$5:C104))
A105: TOTAL HOURS LOGGED | C105: =SUM(C5:C104) -> 47.5 | F105: =SUM(C5:C104)&" / 160 hrs" -> 47.5 / 160 hrs

Sheet Summary
A1: THE SALIK PROJECT UK CIC — Budget Summary
A2: Hours used vs budget by category · auto-updates from Time Log
A4: Category | B4: Budget (hrs) | C4: Hours logged | D4: Hours remaining
A5: Resource audit & mapping | B5: 18 | C5: =SUMIF('Time Log'!B:B,A5,'Time Log'!C:C) -> 18 | D5: =B5-C5 -> 0
A6: Planning & delivery of focus groups | B6: 60 | C6: =SUMIF('Time Log'!B:B,A6,'Time Log'!C:C) -> 4 | D6: =B6-C6 -> 56
A7: Thematic analysis | B7: 22 | C7: =SUMIF('Time Log'!B:B,A7,'Time Log'!C:C) -> 0 | D7: =B7-C7 -> 22
A8: Drafting & refining resources | B8: 28 | C8: =SUMIF('Time Log'!B:B,A8,'Time Log'!C:C) -> 0 | D8: =B8-C8 -> 28
A9: Online resource hub development | B9: 16 | C9: =SUMIF('Time Log'!B:B,A9,'Time Log'!C:C) -> 0 | D9: =B9-C9 -> 16
A10: Partnership meetings & Core Group | B10: 10 | C10: =SUMIF('Time Log'!B:B,A10,'Time Log'!C:C) -> 25.5 | D10: =B10-C10 -> -15.5
A11: Monitoring & evaluation | B11: 6 | C11: =SUMIF('Time Log'!B:B,A11,'Time Log'!C:C) -> 0 | D11: =B11-C11 -> 6
A12: TOTAL | B12: 160 | C12: =SUM(C5:C11) -> 47.5 | D12: =B12-C12 -> 112.5
A15: Pay earned so far (grant hours × £25) | C15: =C12*25 -> 1187.5
